{
	"credit": "Made with Blockbench",
	"textures": {
		"0": "assets:block/mushroom_block_inside",
		"1": "assets:block/brown_mushroom_block",
		"particle": "assets:block/mushroom_block_inside"
	},
	"elements": [
		{
			"from": [7, 0, 7],
			"to": [9, 7, 9],
			"rotation": {"angle": 0, "axis": "y", "origin": [7, 0, 7]},
			"faces": {
				"north": {"uv": [0, 0, 2, 7], "texture": "#0"},
				"east": {"uv": [0, 0, 2, 7], "texture": "#0"},
				"south": {"uv": [0, 0, 2, 7], "texture": "#0"},
				"west": {"uv": [0, 0, 2, 7], "texture": "#0"},
				"up": {"uv": [0, 0, 2, 2], "texture": "#0"},
				"down": {"uv": [0, 0, 2, 2], "texture": "#0"}
			}
		},
		{
			"from": [4, 5, 4],
			"to": [12, 8, 5],
			"rotation": {"angle": 0, "axis": "y", "origin": [7, 5, 7]},
			"faces": {
				"north": {"uv": [0, 0, 8, 3], "texture": "#1"},
				"east": {"uv": [7, 0, 8, 3], "texture": "#1"},
				"south": {"uv": [0, 0, 8, 3], "texture": "#0"},
				"west": {"uv": [0, 0, 1, 3], "texture": "#1"},
				"up": {"uv": [0, 0, 8, 1], "texture": "#1"},
				"down": {"uv": [0, 7, 8, 8], "texture": "#0"}
			}
		},
		{
			"from": [4, 7, 5],
			"to": [11, 8, 11],
			"rotation": {"angle": 0, "axis": "y", "origin": [7, 5, 7]},
			"faces": {
				"north": {"uv": [1, 0, 8, 1], "texture": "#missing"},
				"east": {"uv": [1, 0, 7, 1], "texture": "#missing"},
				"south": {"uv": [0, 0, 7, 1], "texture": "#missing"},
				"west": {"uv": [1, 0, 7, 1], "texture": "#1"},
				"up": {"uv": [0, 1, 7, 7], "texture": "#1"},
				"down": {"uv": [0, 1, 7, 7], "texture": "#0"}
			}
		},
		{
			"from": [4, 5, 11],
			"to": [11, 8, 12],
			"rotation": {"angle": 0, "axis": "y", "origin": [7, 5, 7]},
			"faces": {
				"north": {"uv": [1, 0, 8, 3], "texture": "#0"},
				"east": {"uv": [0, 0, 1, 3], "texture": "#missing"},
				"south": {"uv": [0, 0, 7, 3], "texture": "#1"},
				"west": {"uv": [7, 0, 8, 3], "texture": "#1"},
				"up": {"uv": [0, 7, 7, 8], "texture": "#1"},
				"down": {"uv": [0, 0, 7, 1], "texture": "#0"}
			}
		},
		{
			"from": [11, 5, 5],
			"to": [12, 8, 12],
			"rotation": {"angle": 0, "axis": "y", "origin": [7, 5, 7]},
			"faces": {
				"north": {"uv": [0, 0, 1, 3], "texture": "#missing"},
				"east": {"uv": [0, 0, 7, 3], "texture": "#1"},
				"south": {"uv": [7, 0, 8, 3], "texture": "#1"},
				"west": {"uv": [1, 0, 8, 3], "texture": "#0"},
				"up": {"uv": [7, 1, 8, 8], "texture": "#1"},
				"down": {"uv": [7, 0, 8, 7], "texture": "#0"}
			}
		},
		{
			"from": [4, 5, 5],
			"to": [5, 7, 11],
			"rotation": {"angle": 0, "axis": "y", "origin": [0, 5, 7]},
			"faces": {
				"north": {"uv": [0, 0, 1, 2], "texture": "#missing"},
				"east": {"uv": [0, 0, 6, 2], "texture": "#0"},
				"south": {"uv": [7, 0, 8, 2], "texture": "#missing"},
				"west": {"uv": [1, 0, 7, 2], "texture": "#1"},
				"up": {"uv": [7, 1, 8, 7], "texture": "#missing"},
				"down": {"uv": [7, 0, 8, 6], "texture": "#0"}
			}
		}
	]
}